{"skeleton":{"hash":"HfsRqC4knkKDyuY9qAUnu/ZQvZA","spine":"3.6.52","width":1625.52,"height":1903.78,"images":"./images/"},"bones":[{"name":"root"},{"name":"guang","parent":"root","x":-537.24,"y":387.14,"scaleX":1.409,"scaleY":1.409},{"name":"guang2","parent":"root","x":592.37,"y":387.14,"scaleX":1.409,"scaleY":1.409},{"name":"guang3","parent":"root","x":-129.46,"y":-85.35},{"name":"guang4","parent":"root","x":149.48,"y":-72.99},{"name":"guang5","parent":"root","x":-409.12,"y":676.81,"scaleX":1.394,"scaleY":1.394},{"name":"guang6","parent":"root","x":423.16,"y":676.81,"scaleX":1.394,"scaleY":1.394},{"name":"yanhua1/yanhua1 (1)","parent":"root","x":-246.1,"y":890.23,"scaleX":0.584,"scaleY":0.584},{"name":"yanhua1/yanhua1 (1)2","parent":"root","x":-267.32,"y":661.34,"scaleX":0.396,"scaleY":0.396},{"name":"yanhua1/yanhua1 (1)3","parent":"root","x":228.5,"y":880.3,"scaleX":0.242,"scaleY":0.242},{"name":"yanhua1/yanhua1 (1)4","parent":"root","x":402.04,"y":637.09,"scaleX":0.718,"scaleY":0.718},{"name":"yanhua1/yanhua1 (1)5","parent":"root","x":-68.5,"y":1090.31,"scaleX":0.791,"scaleY":0.791},{"name":"yanhua1/yanhua1 (1)6","parent":"root","x":-200.85,"y":702.08,"scaleX":0.958,"scaleY":0.958},{"name":"yanhua1/yanhua1 (1)7","parent":"root","x":-456.08,"y":894.13,"scaleX":0.584,"scaleY":0.584},{"name":"yanhua1/yanhua1 (1)8","parent":"root","x":343.66,"y":953.48,"scaleX":0.584,"scaleY":0.584},{"name":"yanhua1/yanhua1 (1)9","parent":"root","x":-547.06,"y":630.24,"scaleX":0.672,"scaleY":0.672},{"name":"云彩城堡01","parent":"root","x":2.79,"y":20.12},{"name":"云彩城堡03","parent":"root","x":-5,"y":-13.85},{"name":"云彩城堡04","parent":"root","x":-3.39,"y":103.61},{"name":"云彩城堡21","parent":"云彩城堡01","x":-291.48,"y":368.74},{"name":"云彩城堡022","parent":"云彩城堡01","x":-107.46,"y":673.57},{"name":"云彩城堡023","parent":"云彩城堡01","x":241.61,"y":449.06},{"name":"云彩城堡024","parent":"云彩城堡01","x":165.99,"y":506.98},{"name":"云彩城堡025","parent":"云彩城堡01","x":-2.18,"y":734.19},{"name":"云彩城堡026","parent":"云彩城堡01","x":320.45,"y":373.44}],"slots":[{"name":"云彩城堡021","bone":"云彩城堡21","attachment":"云彩城堡021"},{"name":"云彩城堡025","bone":"云彩城堡025","attachment":"云彩城堡025"},{"name":"云彩城堡026","bone":"云彩城堡026","attachment":"云彩城堡026"},{"name":"云彩城堡023","bone":"云彩城堡023","attachment":"云彩城堡023"},{"name":"云彩城堡024","bone":"云彩城堡024","attachment":"云彩城堡024"},{"name":"云彩城堡04","bone":"云彩城堡04","attachment":"云彩城堡04"},{"name":"云彩城堡022","bone":"云彩城堡022","attachment":"云彩城堡022"},{"name":"云彩城堡01","bone":"云彩城堡01","attachment":"云彩城堡01"},{"name":"云彩城堡03","bone":"云彩城堡03","attachment":"云彩城堡03"},{"name":"yanhua1/yanhua1 (1)","bone":"yanhua1/yanhua1 (1)","color":"ff636300","blend":"additive"},{"name":"yanhua1/yanhua1 (1)2","bone":"yanhua1/yanhua1 (1)2","blend":"additive"},{"name":"yanhua1/yanhua1 (1)3","bone":"yanhua1/yanhua1 (1)3","blend":"additive"},{"name":"yanhua1/yanhua1 (1)4","bone":"yanhua1/yanhua1 (1)4","blend":"additive"},{"name":"yanhua1/yanhua1 (1)5","bone":"yanhua1/yanhua1 (1)5","blend":"additive"},{"name":"yanhua1/yanhua1 (1)6","bone":"yanhua1/yanhua1 (1)6","blend":"additive"},{"name":"yanhua1/yanhua1 (1)7","bone":"yanhua1/yanhua1 (1)7","blend":"additive"},{"name":"yanhua1/yanhua1 (1)8","bone":"yanhua1/yanhua1 (1)8","blend":"additive"},{"name":"yanhua1/yanhua1 (1)9","bone":"yanhua1/yanhua1 (1)9","blend":"additive"},{"name":"guang","bone":"guang","color":"ffffff00","attachment":"guang2","blend":"additive"},{"name":"guang2","bone":"guang2","color":"ffffff00","attachment":"guang","blend":"additive"},{"name":"guang3","bone":"guang3","color":"ffffff00","attachment":"guang","blend":"additive"},{"name":"guang4","bone":"guang4","color":"ffffff00","attachment":"guang","blend":"additive"},{"name":"guang5","bone":"guang5","color":"ffffff00","attachment":"guang","blend":"additive"},{"name":"guang6","bone":"guang6","color":"ffffff00","attachment":"guang2","blend":"additive"}],"skins":{"default":{"guang":{"guang2":{"x":5.99,"y":-8.98,"scaleX":4.693,"scaleY":4.693,"width":75,"height":77}},"guang2":{"guang":{"x":5.99,"y":-8.98,"scaleX":4.693,"scaleY":4.693,"width":75,"height":77}},"guang3":{"guang":{"x":5.99,"y":-8.98,"scaleX":4.693,"scaleY":4.693,"width":75,"height":77}},"guang4":{"guang":{"x":5.99,"y":-8.98,"scaleX":4.693,"scaleY":4.693,"width":75,"height":77}},"guang5":{"guang":{"x":5.99,"y":-8.98,"scaleX":4.693,"scaleY":4.693,"width":75,"height":77}},"guang6":{"guang2":{"x":5.99,"y":-8.98,"scaleX":4.693,"scaleY":4.693,"width":75,"height":77}},"yanhua1/yanhua1 (1)":{"yanhua1/yanhua1 (1)":{"x":-5.09,"y":-22.87,"width":975,"height":915},"yanhua1/yanhua1 (10)":{"x":-5.09,"y":-22.87,"width":975,"height":915},"yanhua1/yanhua1 (11)":{"x":-5.09,"y":-22.87,"width":975,"height":915},"yanhua1/yanhua1 (12)":{"x":-5.09,"y":-22.87,"width":975,"height":915},"yanhua1/yanhua1 (13)":{"x":-5.09,"y":-22.87,"width":975,"height":915},"yanhua1/yanhua1 (2)":{"x":-5.09,"y":-22.87,"width":975,"height":915},"yanhua1/yanhua1 (3)":{"x":-5.09,"y":-22.87,"width":975,"height":915},"yanhua1/yanhua1 (4)":{"x":-5.09,"y":-22.87,"width":975,"height":915},"yanhua1/yanhua1 (5)":{"x":-5.09,"y":-22.87,"width":975,"height":915},"yanhua1/yanhua1 (6)":{"x":-5.09,"y":-22.87,"width":975,"height":915},"yanhua1/yanhua1 (7)":{"x":-5.09,"y":-22.87,"width":975,"height":915},"yanhua1/yanhua1 (8)":{"x":-5.09,"y":-22.87,"width":975,"height":915},"yanhua1/yanhua1 (9)":{"x":-5.09,"y":-22.87,"width":975,"height":915}},"yanhua1/yanhua1 (1)2":{"yanhua1/yanhua1 (1)":{"x":-5.09,"y":-22.87,"width":975,"height":915},"yanhua1/yanhua1 (10)":{"x":-5.09,"y":-22.87,"width":975,"height":915},"yanhua1/yanhua1 (11)":{"x":-5.09,"y":-22.87,"width":975,"height":915},"yanhua1/yanhua1 (12)":{"x":-5.09,"y":-22.87,"width":975,"height":915},"yanhua1/yanhua1 (13)":{"x":-5.09,"y":-22.87,"width":975,"height":915},"yanhua1/yanhua1 (2)":{"x":-5.09,"y":-22.87,"width":975,"height":915},"yanhua1/yanhua1 (3)":{"x":-5.09,"y":-22.87,"width":975,"height":915},"yanhua1/yanhua1 (4)":{"x":-5.09,"y":-22.87,"width":975,"height":915},"yanhua1/yanhua1 (5)":{"x":-5.09,"y":-22.87,"width":975,"height":915},"yanhua1/yanhua1 (6)":{"x":-5.09,"y":-22.87,"width":975,"height":915},"yanhua1/yanhua1 (7)":{"x":-5.09,"y":-22.87,"width":975,"height":915},"yanhua1/yanhua1 (8)":{"x":-5.09,"y":-22.87,"width":975,"height":915},"yanhua1/yanhua1 (9)":{"x":-5.09,"y":-22.87,"width":975,"height":915}},"yanhua1/yanhua1 (1)3":{"yanhua1/yanhua1 (1)":{"x":-5.09,"y":-22.87,"width":975,"height":915},"yanhua1/yanhua1 (10)":{"x":-5.09,"y":-22.87,"width":975,"height":915},"yanhua1/yanhua1 (11)":{"x":-5.09,"y":-22.87,"width":975,"height":915},"yanhua1/yanhua1 (12)":{"x":-5.09,"y":-22.87,"width":975,"height":915},"yanhua1/yanhua1 (13)":{"x":-5.09,"y":-22.87,"width":975,"height":915},"yanhua1/yanhua1 (2)":{"x":-5.09,"y":-22.87,"width":975,"height":915},"yanhua1/yanhua1 (3)":{"x":-5.09,"y":-22.87,"width":975,"height":915},"yanhua1/yanhua1 (4)":{"x":-5.09,"y":-22.87,"width":975,"height":915},"yanhua1/yanhua1 (5)":{"x":-5.09,"y":-22.87,"width":975,"height":915},"yanhua1/yanhua1 (6)":{"x":-5.09,"y":-22.87,"width":975,"height":915},"yanhua1/yanhua1 (7)":{"x":-5.09,"y":-22.87,"width":975,"height":915},"yanhua1/yanhua1 (8)":{"x":-5.09,"y":-22.87,"width":975,"height":915},"yanhua1/yanhua1 (9)":{"x":-5.09,"y":-22.87,"width":975,"height":915}},"yanhua1/yanhua1 (1)4":{"yanhua1/yanhua1 (1)":{"x":-5.09,"y":-22.87,"width":975,"height":915},"yanhua1/yanhua1 (10)":{"x":-5.09,"y":-22.87,"width":975,"height":915},"yanhua1/yanhua1 (11)":{"x":-5.09,"y":-22.87,"width":975,"height":915},"yanhua1/yanhua1 (12)":{"x":-5.09,"y":-22.87,"width":975,"height":915},"yanhua1/yanhua1 (13)":{"x":-5.09,"y":-22.87,"width":975,"height":915},"yanhua1/yanhua1 (2)":{"x":-5.09,"y":-22.87,"width":975,"height":915},"yanhua1/yanhua1 (3)":{"x":-5.09,"y":-22.87,"width":975,"height":915},"yanhua1/yanhua1 (4)":{"x":-5.09,"y":-22.87,"width":975,"height":915},"yanhua1/yanhua1 (5)":{"x":-5.09,"y":-22.87,"width":975,"height":915},"yanhua1/yanhua1 (6)":{"x":-5.09,"y":-22.87,"width":975,"height":915},"yanhua1/yanhua1 (7)":{"x":-5.09,"y":-22.87,"width":975,"height":915},"yanhua1/yanhua1 (8)":{"x":-5.09,"y":-22.87,"width":975,"height":915},"yanhua1/yanhua1 (9)":{"x":-5.09,"y":-22.87,"width":975,"height":915}},"yanhua1/yanhua1 (1)5":{"yanhua1/yanhua1 (1)":{"x":-5.09,"y":-22.87,"width":975,"height":915},"yanhua1/yanhua1 (10)":{"x":-5.09,"y":-22.87,"width":975,"height":915},"yanhua1/yanhua1 (11)":{"x":-5.09,"y":-22.87,"width":975,"height":915},"yanhua1/yanhua1 (12)":{"x":-5.09,"y":-22.87,"width":975,"height":915},"yanhua1/yanhua1 (13)":{"x":-5.09,"y":-22.87,"width":975,"height":915},"yanhua1/yanhua1 (2)":{"x":-5.09,"y":-22.87,"width":975,"height":915},"yanhua1/yanhua1 (3)":{"x":-5.09,"y":-22.87,"width":975,"height":915},"yanhua1/yanhua1 (4)":{"x":-5.09,"y":-22.87,"width":975,"height":915},"yanhua1/yanhua1 (5)":{"x":-5.09,"y":-22.87,"width":975,"height":915},"yanhua1/yanhua1 (6)":{"x":-5.09,"y":-22.87,"width":975,"height":915},"yanhua1/yanhua1 (7)":{"x":-5.09,"y":-22.87,"width":975,"height":915},"yanhua1/yanhua1 (8)":{"x":-5.09,"y":-22.87,"width":975,"height":915},"yanhua1/yanhua1 (9)":{"x":-5.09,"y":-22.87,"width":975,"height":915}},"yanhua1/yanhua1 (1)6":{"yanhua1/yanhua1 (1)":{"x":-5.09,"y":-22.87,"width":975,"height":915},"yanhua1/yanhua1 (10)":{"x":-5.09,"y":-22.87,"width":975,"height":915},"yanhua1/yanhua1 (11)":{"x":-5.09,"y":-22.87,"width":975,"height":915},"yanhua1/yanhua1 (12)":{"x":-5.09,"y":-22.87,"width":975,"height":915},"yanhua1/yanhua1 (13)":{"x":-5.09,"y":-22.87,"width":975,"height":915},"yanhua1/yanhua1 (2)":{"x":-5.09,"y":-22.87,"width":975,"height":915},"yanhua1/yanhua1 (3)":{"x":-5.09,"y":-22.87,"width":975,"height":915},"yanhua1/yanhua1 (4)":{"x":-5.09,"y":-22.87,"width":975,"height":915},"yanhua1/yanhua1 (5)":{"x":-5.09,"y":-22.87,"width":975,"height":915},"yanhua1/yanhua1 (6)":{"x":-5.09,"y":-22.87,"width":975,"height":915},"yanhua1/yanhua1 (7)":{"x":-5.09,"y":-22.87,"width":975,"height":915},"yanhua1/yanhua1 (8)":{"x":-5.09,"y":-22.87,"width":975,"height":915},"yanhua1/yanhua1 (9)":{"x":-5.09,"y":-22.87,"width":975,"height":915}},"yanhua1/yanhua1 (1)7":{"yanhua1/yanhua1 (1)":{"x":-5.09,"y":-22.87,"width":975,"height":915},"yanhua1/yanhua1 (10)":{"x":-5.09,"y":-22.87,"width":975,"height":915},"yanhua1/yanhua1 (11)":{"x":-5.09,"y":-22.87,"width":975,"height":915},"yanhua1/yanhua1 (12)":{"x":-5.09,"y":-22.87,"width":975,"height":915},"yanhua1/yanhua1 (13)":{"x":-5.09,"y":-22.87,"width":975,"height":915},"yanhua1/yanhua1 (2)":{"x":-5.09,"y":-22.87,"width":975,"height":915},"yanhua1/yanhua1 (3)":{"x":-5.09,"y":-22.87,"width":975,"height":915},"yanhua1/yanhua1 (4)":{"x":-5.09,"y":-22.87,"width":975,"height":915},"yanhua1/yanhua1 (5)":{"x":-5.09,"y":-22.87,"width":975,"height":915},"yanhua1/yanhua1 (6)":{"x":-5.09,"y":-22.87,"width":975,"height":915},"yanhua1/yanhua1 (7)":{"x":-5.09,"y":-22.87,"width":975,"height":915},"yanhua1/yanhua1 (8)":{"x":-5.09,"y":-22.87,"width":975,"height":915},"yanhua1/yanhua1 (9)":{"x":-5.09,"y":-22.87,"width":975,"height":915}},"yanhua1/yanhua1 (1)8":{"yanhua1/yanhua1 (1)":{"x":-5.09,"y":-22.87,"width":975,"height":915},"yanhua1/yanhua1 (10)":{"x":-5.09,"y":-22.87,"width":975,"height":915},"yanhua1/yanhua1 (11)":{"x":-5.09,"y":-22.87,"width":975,"height":915},"yanhua1/yanhua1 (12)":{"x":-5.09,"y":-22.87,"width":975,"height":915},"yanhua1/yanhua1 (13)":{"x":-5.09,"y":-22.87,"width":975,"height":915},"yanhua1/yanhua1 (2)":{"x":-5.09,"y":-22.87,"width":975,"height":915},"yanhua1/yanhua1 (3)":{"x":-5.09,"y":-22.87,"width":975,"height":915},"yanhua1/yanhua1 (4)":{"x":-5.09,"y":-22.87,"width":975,"height":915},"yanhua1/yanhua1 (5)":{"x":-5.09,"y":-22.87,"width":975,"height":915},"yanhua1/yanhua1 (6)":{"x":-5.09,"y":-22.87,"width":975,"height":915},"yanhua1/yanhua1 (7)":{"x":-5.09,"y":-22.87,"width":975,"height":915},"yanhua1/yanhua1 (8)":{"x":-5.09,"y":-22.87,"width":975,"height":915},"yanhua1/yanhua1 (9)":{"x":-5.09,"y":-22.87,"width":975,"height":915}},"yanhua1/yanhua1 (1)9":{"yanhua1/yanhua1 (1)":{"x":-5.09,"y":-22.87,"width":975,"height":915},"yanhua1/yanhua1 (10)":{"x":-5.09,"y":-22.87,"width":975,"height":915},"yanhua1/yanhua1 (11)":{"x":-5.09,"y":-22.87,"width":975,"height":915},"yanhua1/yanhua1 (12)":{"x":-5.09,"y":-22.87,"width":975,"height":915},"yanhua1/yanhua1 (13)":{"x":-5.09,"y":-22.87,"width":975,"height":915},"yanhua1/yanhua1 (2)":{"x":-5.09,"y":-22.87,"width":975,"height":915},"yanhua1/yanhua1 (3)":{"x":-5.09,"y":-22.87,"width":975,"height":915},"yanhua1/yanhua1 (4)":{"x":-5.09,"y":-22.87,"width":975,"height":915},"yanhua1/yanhua1 (5)":{"x":-5.09,"y":-22.87,"width":975,"height":915},"yanhua1/yanhua1 (6)":{"x":-5.09,"y":-22.87,"width":975,"height":915},"yanhua1/yanhua1 (7)":{"x":-5.09,"y":-22.87,"width":975,"height":915},"yanhua1/yanhua1 (8)":{"x":-5.09,"y":-22.87,"width":975,"height":915},"yanhua1/yanhua1 (9)":{"x":-5.09,"y":-22.87,"width":975,"height":915}},"云彩城堡01":{"云彩城堡01":{"x":20.57,"y":708.65,"width":1300,"height":1800}},"云彩城堡021":{"云彩城堡021":{"x":-2.49,"y":100.13,"width":222,"height":506}},"云彩城堡022":{"云彩城堡022":{"x":1.46,"y":116.75,"width":153,"height":506}},"云彩城堡023":{"云彩城堡023":{"x":-1.67,"y":100.49,"width":153,"height":506}},"云彩城堡024":{"云彩城堡024":{"x":-1.85,"y":69.25,"width":153,"height":506}},"云彩城堡025":{"云彩城堡025":{"x":2.8,"y":92.92,"width":182,"height":506}},"云彩城堡026":{"云彩城堡026":{"x":-0.45,"y":84.64,"width":182,"height":506}},"云彩城堡03":{"云彩城堡03":{"x":36.61,"y":41.94,"width":1300,"height":438}},"云彩城堡04":{"云彩城堡04":{"x":35,"y":48.92,"width":1300,"height":492}}}},"animations":{"animation":{"slots":{"guang":{"color":[{"time":1.5333,"color":"ffffff00"},{"time":1.7,"color":"ffffff2e","curve":"stepped"},{"time":3.5333,"color":"ffffff2e"},{"time":3.8667,"color":"ffffff00"}]},"guang2":{"color":[{"time":2.0333,"color":"ffffff00"},{"time":2.2,"color":"ffffff2e"},{"time":2.9667,"color":"ff00002e"},{"time":4.0333,"color":"ffffff2e"},{"time":4.3667,"color":"ffffff00"}]},"guang3":{"color":[{"time":0.3333,"color":"ffffff00","curve":[0.25,0,0.75,1]},{"time":0.5,"color":"ffffff1c","curve":"stepped"},{"time":2,"color":"ffffff1c"},{"time":2.3333,"color":"ffffff00"}]},"guang4":{"color":[{"time":1.0333,"color":"ffffff00","curve":[0.25,0,0.75,1]},{"time":1.2,"color":"ffffff1c","curve":"stepped"},{"time":2.7,"color":"ffffff1c"},{"time":3.0333,"color":"ffffff00"}]},"guang5":{"color":[{"time":2.5333,"color":"ffffff00","curve":[0.25,0,0.75,1]},{"time":2.7,"color":"ffffff1c"},{"time":3.4,"color":"ff00a94e"},{"time":4.2,"color":"ffffff1c"},{"time":4.5333,"color":"ffffff00"}]},"guang6":{"color":[{"time":2.9,"color":"ffffff00","curve":[0.25,0,0.75,1]},{"time":3.0667,"color":"ffffff1c"},{"time":3.8333,"color":"ffffff3f"},{"time":4.5667,"color":"ffffff1c"},{"time":4.9,"color":"ffffff00"}]},"yanhua1/yanhua1 (1)":{"color":[{"time":2.9,"color":"ffffff00"},{"time":2.9667,"color":"ff0000ff"},{"time":3.7,"color":"ffffffff"},{"time":3.8333,"color":"ffffff00"}],"attachment":[{"time":2.9,"name":"yanhua1/yanhua1 (1)"},{"time":2.9667,"name":"yanhua1/yanhua1 (2)"},{"time":3.0333,"name":"yanhua1/yanhua1 (3)"},{"time":3.1,"name":"yanhua1/yanhua1 (4)"},{"time":3.1667,"name":"yanhua1/yanhua1 (5)"},{"time":3.2333,"name":"yanhua1/yanhua1 (6)"},{"time":3.3,"name":"yanhua1/yanhua1 (7)"},{"time":3.3667,"name":"yanhua1/yanhua1 (8)"},{"time":3.4333,"name":"yanhua1/yanhua1 (9)"},{"time":3.5,"name":"yanhua1/yanhua1 (10)"},{"time":3.5667,"name":"yanhua1/yanhua1 (11)"},{"time":3.6333,"name":"yanhua1/yanhua1 (12)"},{"time":3.7,"name":"yanhua1/yanhua1 (13)"},{"time":3.8333,"name":null}]},"yanhua1/yanhua1 (1)2":{"color":[{"time":2.2667,"color":"ffffff00"},{"time":2.3333,"color":"a0ff00ff"},{"time":3.0667,"color":"ffffffff"},{"time":3.2,"color":"ffffff00"}],"attachment":[{"time":2.2667,"name":"yanhua1/yanhua1 (1)"},{"time":2.3333,"name":"yanhua1/yanhua1 (2)"},{"time":2.4,"name":"yanhua1/yanhua1 (3)"},{"time":2.4667,"name":"yanhua1/yanhua1 (4)"},{"time":2.5333,"name":"yanhua1/yanhua1 (5)"},{"time":2.6,"name":"yanhua1/yanhua1 (6)"},{"time":2.6667,"name":"yanhua1/yanhua1 (7)"},{"time":2.7333,"name":"yanhua1/yanhua1 (8)"},{"time":2.8,"name":"yanhua1/yanhua1 (9)"},{"time":2.8667,"name":"yanhua1/yanhua1 (10)"},{"time":2.9333,"name":"yanhua1/yanhua1 (11)"},{"time":3,"name":"yanhua1/yanhua1 (12)"},{"time":3.0667,"name":"yanhua1/yanhua1 (13)"},{"time":3.2,"name":null}]},"yanhua1/yanhua1 (1)3":{"color":[{"time":3.3,"color":"ffffff00"},{"time":3.3667,"color":"06ff00ff"},{"time":4.1,"color":"ffffffff"},{"time":4.2333,"color":"ffffff00"}],"attachment":[{"time":3.3,"name":"yanhua1/yanhua1 (1)"},{"time":3.3667,"name":"yanhua1/yanhua1 (2)"},{"time":3.4333,"name":"yanhua1/yanhua1 (3)"},{"time":3.5,"name":"yanhua1/yanhua1 (4)"},{"time":3.5667,"name":"yanhua1/yanhua1 (5)"},{"time":3.6333,"name":"yanhua1/yanhua1 (6)"},{"time":3.7,"name":"yanhua1/yanhua1 (7)"},{"time":3.7667,"name":"yanhua1/yanhua1 (8)"},{"time":3.8333,"name":"yanhua1/yanhua1 (9)"},{"time":3.9,"name":"yanhua1/yanhua1 (10)"},{"time":3.9667,"name":"yanhua1/yanhua1 (11)"},{"time":4.0333,"name":"yanhua1/yanhua1 (12)"},{"time":4.1,"name":"yanhua1/yanhua1 (13)"},{"time":4.2333,"name":null}]},"yanhua1/yanhua1 (1)4":{"color":[{"time":0.4667,"color":"ffffff00"},{"time":0.5333,"color":"00ffd4ff"},{"time":1.2667,"color":"ffffffff"},{"time":1.4,"color":"ffffff00"}],"attachment":[{"time":0.4667,"name":"yanhua1/yanhua1 (1)"},{"time":0.5333,"name":"yanhua1/yanhua1 (2)"},{"time":0.6,"name":"yanhua1/yanhua1 (3)"},{"time":0.6667,"name":"yanhua1/yanhua1 (4)"},{"time":0.7333,"name":"yanhua1/yanhua1 (5)"},{"time":0.8,"name":"yanhua1/yanhua1 (6)"},{"time":0.8667,"name":"yanhua1/yanhua1 (7)"},{"time":0.9333,"name":"yanhua1/yanhua1 (8)"},{"time":1,"name":"yanhua1/yanhua1 (9)"},{"time":1.0667,"name":"yanhua1/yanhua1 (10)"},{"time":1.1333,"name":"yanhua1/yanhua1 (11)"},{"time":1.2,"name":"yanhua1/yanhua1 (12)"},{"time":1.2667,"name":"yanhua1/yanhua1 (13)"},{"time":1.4,"name":null}]},"yanhua1/yanhua1 (1)5":{"color":[{"time":1.4333,"color":"ffffff00"},{"time":1.5,"color":"4f00ffff"},{"time":2.2333,"color":"ffffffff"},{"time":2.3667,"color":"ffffff00"}],"attachment":[{"time":1.4333,"name":"yanhua1/yanhua1 (1)"},{"time":1.5,"name":"yanhua1/yanhua1 (2)"},{"time":1.5667,"name":"yanhua1/yanhua1 (3)"},{"time":1.6333,"name":"yanhua1/yanhua1 (4)"},{"time":1.7,"name":"yanhua1/yanhua1 (5)"},{"time":1.7667,"name":"yanhua1/yanhua1 (6)"},{"time":1.8333,"name":"yanhua1/yanhua1 (7)"},{"time":1.9,"name":"yanhua1/yanhua1 (8)"},{"time":1.9667,"name":"yanhua1/yanhua1 (9)"},{"time":2.0333,"name":"yanhua1/yanhua1 (10)"},{"time":2.1,"name":"yanhua1/yanhua1 (11)"},{"time":2.1667,"name":"yanhua1/yanhua1 (12)"},{"time":2.2333,"name":"yanhua1/yanhua1 (13)"},{"time":2.3667,"name":null}]},"yanhua1/yanhua1 (1)6":{"color":[{"time":3.6667,"color":"ffffff00"},{"time":3.7333,"color":"fe00ffff"},{"time":4.4667,"color":"ffffffff"},{"time":4.6,"color":"ffffff00"}],"attachment":[{"time":3.6667,"name":"yanhua1/yanhua1 (1)"},{"time":3.7333,"name":"yanhua1/yanhua1 (2)"},{"time":3.8,"name":"yanhua1/yanhua1 (3)"},{"time":3.8667,"name":"yanhua1/yanhua1 (4)"},{"time":3.9333,"name":"yanhua1/yanhua1 (5)"},{"time":4,"name":"yanhua1/yanhua1 (6)"},{"time":4.0667,"name":"yanhua1/yanhua1 (7)"},{"time":4.1333,"name":"yanhua1/yanhua1 (8)"},{"time":4.2,"name":"yanhua1/yanhua1 (9)"},{"time":4.2667,"name":"yanhua1/yanhua1 (10)"},{"time":4.3333,"name":"yanhua1/yanhua1 (11)"},{"time":4.4,"name":"yanhua1/yanhua1 (12)"},{"time":4.4667,"name":"yanhua1/yanhua1 (13)"},{"time":4.6,"name":null}]},"yanhua1/yanhua1 (1)7":{"color":[{"time":0.9333,"color":"ffffff00"},{"time":1,"color":"45ffadff"},{"time":1.7333,"color":"ffffffff"},{"time":1.8667,"color":"ffffff00"}],"attachment":[{"time":0.9333,"name":"yanhua1/yanhua1 (1)"},{"time":1,"name":"yanhua1/yanhua1 (2)"},{"time":1.0667,"name":"yanhua1/yanhua1 (3)"},{"time":1.1333,"name":"yanhua1/yanhua1 (4)"},{"time":1.2,"name":"yanhua1/yanhua1 (5)"},{"time":1.2667,"name":"yanhua1/yanhua1 (6)"},{"time":1.3333,"name":"yanhua1/yanhua1 (7)"},{"time":1.4,"name":"yanhua1/yanhua1 (8)"},{"time":1.4667,"name":"yanhua1/yanhua1 (9)"},{"time":1.5333,"name":"yanhua1/yanhua1 (10)"},{"time":1.6,"name":"yanhua1/yanhua1 (11)"},{"time":1.6667,"name":"yanhua1/yanhua1 (12)"},{"time":1.7333,"name":"yanhua1/yanhua1 (13)"},{"time":1.8667,"name":null}]},"yanhua1/yanhua1 (1)8":{"color":[{"time":1.9333,"color":"ffffff00"},{"time":2,"color":"ffffffff","curve":"stepped"},{"time":2.7333,"color":"ffffffff"},{"time":2.8667,"color":"ffffff00"}],"attachment":[{"time":1.9333,"name":"yanhua1/yanhua1 (1)"},{"time":2,"name":"yanhua1/yanhua1 (2)"},{"time":2.0667,"name":"yanhua1/yanhua1 (3)"},{"time":2.1333,"name":"yanhua1/yanhua1 (4)"},{"time":2.2,"name":"yanhua1/yanhua1 (5)"},{"time":2.2667,"name":"yanhua1/yanhua1 (6)"},{"time":2.3333,"name":"yanhua1/yanhua1 (7)"},{"time":2.4,"name":"yanhua1/yanhua1 (8)"},{"time":2.4667,"name":"yanhua1/yanhua1 (9)"},{"time":2.5333,"name":"yanhua1/yanhua1 (10)"},{"time":2.6,"name":"yanhua1/yanhua1 (11)"},{"time":2.6667,"name":"yanhua1/yanhua1 (12)"},{"time":2.7333,"name":"yanhua1/yanhua1 (13)"},{"time":2.8667,"name":null}]},"yanhua1/yanhua1 (1)9":{"color":[{"time":1.1667,"color":"ffffff00"},{"time":1.2333,"color":"ffffffff","curve":"stepped"},{"time":1.9667,"color":"ffffffff"},{"time":2.1,"color":"ffffff00"}],"attachment":[{"time":1.1667,"name":"yanhua1/yanhua1 (1)"},{"time":1.2333,"name":"yanhua1/yanhua1 (2)"},{"time":1.3,"name":"yanhua1/yanhua1 (3)"},{"time":1.3667,"name":"yanhua1/yanhua1 (4)"},{"time":1.4333,"name":"yanhua1/yanhua1 (5)"},{"time":1.5,"name":"yanhua1/yanhua1 (6)"},{"time":1.5667,"name":"yanhua1/yanhua1 (7)"},{"time":1.6333,"name":"yanhua1/yanhua1 (8)"},{"time":1.7,"name":"yanhua1/yanhua1 (9)"},{"time":1.7667,"name":"yanhua1/yanhua1 (10)"},{"time":1.8333,"name":"yanhua1/yanhua1 (11)"},{"time":1.9,"name":"yanhua1/yanhua1 (12)"},{"time":1.9667,"name":"yanhua1/yanhua1 (13)"},{"time":2.1,"name":null}]},"云彩城堡01":{"color":[{"time":0,"color":"ffffff00","curve":"stepped"},{"time":0.1667,"color":"ffffff00"},{"time":0.3333,"color":"ffffffff"}]},"云彩城堡03":{"color":[{"time":0,"color":"ffffff00"},{"time":0.1667,"color":"ffffffff"}]},"云彩城堡04":{"color":[{"time":0,"color":"ffffff00","curve":"stepped"},{"time":0.4,"color":"ffffff00"},{"time":0.5667,"color":"ffffffff"}]},"云彩城堡021":{"color":[{"time":0,"color":"ffffff00","curve":"stepped"},{"time":0.5,"color":"ffffff00"},{"time":0.6667,"color":"ffffffff"}]},"云彩城堡022":{"color":[{"time":0,"color":"ffffff00","curve":"stepped"},{"time":0.7667,"color":"ffffff00"},{"time":0.9333,"color":"ffffffff"}]},"云彩城堡023":{"color":[{"time":0,"color":"ffffff00","curve":"stepped"},{"time":0.8,"color":"ffffff00"},{"time":0.9667,"color":"ffffffff"}]},"云彩城堡024":{"color":[{"time":0,"color":"ffffff00","curve":"stepped"},{"time":1.1,"color":"ffffff00"},{"time":1.2667,"color":"ffffffff"}]},"云彩城堡025":{"color":[{"time":0,"color":"ffffff00","curve":"stepped"},{"time":1,"color":"ffffff00"},{"time":1.1667,"color":"ffffffff"}]},"云彩城堡026":{"color":[{"time":0,"color":"ffffff00","curve":"stepped"},{"time":0.9667,"color":"ffffff00"},{"time":1.1333,"color":"ffffffff"}]}},"bones":{"root":{"rotate":[{"time":0,"angle":0}],"translate":[{"time":0,"x":0,"y":0}],"scale":[{"time":0,"x":1,"y":1}]},"云彩城堡01":{"rotate":[{"time":0,"angle":0}],"translate":[{"time":0,"x":0,"y":0}],"scale":[{"time":0,"x":1,"y":1},{"time":0.1667,"x":0.708,"y":0.708},{"time":0.3333,"x":1,"y":1.073},{"time":0.4,"x":1.069,"y":0.982},{"time":0.4667,"x":1,"y":1},{"time":0.5,"x":0.975,"y":1.025},{"time":0.5333,"x":1,"y":1}]},"云彩城堡022":{"rotate":[{"time":0,"angle":0}],"translate":[{"time":0,"x":0,"y":0}],"scale":[{"time":0,"x":1,"y":1},{"time":0.7667,"x":0.603,"y":0.603},{"time":0.9333,"x":0.894,"y":1.066},{"time":1,"x":1.235,"y":0.894},{"time":1.0667,"x":0.975,"y":1.013},{"time":1.1333,"x":1.095,"y":0.956},{"time":1.2,"x":0.975,"y":1.028},{"time":1.2333,"x":1.032,"y":0.989},{"time":1.2667,"x":1,"y":1}]},"云彩城堡21":{"rotate":[{"time":0,"angle":0}],"translate":[{"time":0,"x":0,"y":0}],"scale":[{"time":0,"x":1,"y":1},{"time":0.5,"x":0.603,"y":0.603},{"time":0.6667,"x":0.894,"y":1.066},{"time":0.7333,"x":1.235,"y":0.894},{"time":0.8,"x":0.975,"y":1.013},{"time":0.8667,"x":1.095,"y":0.956},{"time":0.9333,"x":0.975,"y":1.028},{"time":0.9667,"x":1.032,"y":0.989},{"time":1,"x":1,"y":1}]},"云彩城堡025":{"rotate":[{"time":0,"angle":0}],"translate":[{"time":0,"x":0,"y":0}],"scale":[{"time":0,"x":1,"y":1},{"time":1,"x":0.603,"y":0.603},{"time":1.1667,"x":0.894,"y":1.066},{"time":1.2333,"x":1.235,"y":0.894},{"time":1.3,"x":0.975,"y":1.013},{"time":1.3667,"x":1.095,"y":0.956},{"time":1.4333,"x":0.975,"y":1.028},{"time":1.4667,"x":1.032,"y":0.989},{"time":1.5,"x":1,"y":1}]},"云彩城堡024":{"rotate":[{"time":0,"angle":0}],"translate":[{"time":0,"x":0,"y":0}],"scale":[{"time":0,"x":1,"y":1},{"time":1.1,"x":0.603,"y":0.603},{"time":1.2667,"x":0.894,"y":1.066},{"time":1.3333,"x":1.235,"y":0.894},{"time":1.4,"x":0.975,"y":1.013},{"time":1.4667,"x":1.095,"y":0.956},{"time":1.5333,"x":0.975,"y":1.028},{"time":1.5667,"x":1.032,"y":0.989},{"time":1.6,"x":1,"y":1}]},"云彩城堡023":{"rotate":[{"time":0,"angle":0}],"translate":[{"time":0,"x":0,"y":0}],"scale":[{"time":0,"x":1,"y":1},{"time":0.8,"x":0.603,"y":0.603},{"time":0.9667,"x":0.894,"y":1.066},{"time":1.0333,"x":1.235,"y":0.894},{"time":1.1,"x":0.975,"y":1.013},{"time":1.1667,"x":1.095,"y":0.956},{"time":1.2333,"x":0.975,"y":1.028},{"time":1.2667,"x":1.032,"y":0.989},{"time":1.3,"x":1,"y":1}]},"云彩城堡026":{"rotate":[{"time":0,"angle":0}],"translate":[{"time":0,"x":0,"y":0}],"scale":[{"time":0,"x":1,"y":1},{"time":0.9667,"x":0.603,"y":0.603},{"time":1.1333,"x":0.894,"y":1.066},{"time":1.2,"x":1.235,"y":0.894},{"time":1.2667,"x":0.975,"y":1.013},{"time":1.3333,"x":1.095,"y":0.956},{"time":1.4,"x":0.975,"y":1.028},{"time":1.4333,"x":1.032,"y":0.989},{"time":1.4667,"x":1,"y":1}]},"云彩城堡03":{"rotate":[{"time":0,"angle":0}],"translate":[{"time":0,"x":0,"y":0},{"time":0.5,"x":0,"y":-23.42},{"time":1,"x":0,"y":0},{"time":1.5,"x":0,"y":-23.42},{"time":2,"x":0,"y":0},{"time":2.5,"x":0,"y":-23.42},{"time":3,"x":0,"y":0},{"time":3.5,"x":0,"y":-23.42},{"time":4,"x":0,"y":0},{"time":4.5,"x":0,"y":-23.42},{"time":5,"x":0,"y":0}],"scale":[{"time":0,"x":0.618,"y":0.618},{"time":0.1667,"x":1,"y":1}]},"云彩城堡04":{"rotate":[{"time":0,"angle":0}],"translate":[{"time":0,"x":0,"y":0},{"time":0.4,"x":0,"y":-20.49},{"time":0.8333,"x":0,"y":0},{"time":1.2667,"x":0,"y":-20.49},{"time":1.6667,"x":0,"y":0},{"time":2.1,"x":0,"y":-20.49},{"time":2.5,"x":0,"y":0},{"time":2.9,"x":0,"y":-20.49},{"time":3.3333,"x":0,"y":0},{"time":3.7667,"x":0,"y":-20.49},{"time":4.1667,"x":0,"y":0},{"time":4.6333,"x":0,"y":-20.49},{"time":5,"x":0,"y":0}],"scale":[{"time":0,"x":1,"y":1},{"time":0.4,"x":0.7,"y":0.7},{"time":0.5667,"x":1,"y":1}]},"guang":{"translate":[{"time":1.5333,"x":0,"y":0},{"time":3.8667,"x":1019.73,"y":-163.66}]},"guang2":{"translate":[{"time":2.0333,"x":0,"y":0,"curve":[0.25,0,0.75,1]},{"time":4.3667,"x":-1147.07,"y":211.79}]},"guang3":{"translate":[{"time":0.3333,"x":0,"y":0,"curve":[0.25,0,0.75,1]},{"time":2.3333,"x":363.65,"y":787.29}]},"guang4":{"translate":[{"time":1.0333,"x":173.29,"y":0,"curve":[0.25,0,0.75,1]},{"time":3.0333,"x":-449.88,"y":768.54}]},"guang5":{"translate":[{"time":2.5333,"x":0,"y":0,"curve":[0.25,0,0.75,1]},{"time":4.5333,"x":666.98,"y":-762.76},{"time":4.6,"x":392.64,"y":-800.5}]},"guang6":{"translate":[{"time":2.9,"x":0,"y":0,"curve":[0.25,0,0.75,1]},{"time":4.9,"x":-914.58,"y":-429.28}]}}}}}