{"skeleton":{"hash":"4oBkNqPFNrOvVm9QHjP+gox3MYE","spine":"3.6.53","width":546.48,"height":971.52},"bones":[{"name":"root"},{"name":"bone","parent":"root","scaleX":0.44,"scaleY":0.44}],"slots":[{"name":"gsx","bone":"bone","color":"ffffffa7","attachment":"gsx076","blend":"additive"},{"name":"hj","bone":"bone","attachment":"hj012"},{"name":"2d","bone":"bone","attachment":"2d061"}],"skins":{"default":{"2d":{"2d016":{"width":1242,"height":2208},"2d019":{"width":1242,"height":2208},"2d022":{"width":1242,"height":2208},"2d025":{"width":1242,"height":2208},"2d028":{"width":1242,"height":2208},"2d031":{"width":1242,"height":2208},"2d034":{"width":1242,"height":2208},"2d037":{"width":1242,"height":2208},"2d040":{"width":1242,"height":2208},"2d043":{"width":1242,"height":2208},"2d046":{"width":1242,"height":2208},"2d049":{"width":1242,"height":2208},"2d052":{"width":1242,"height":2208},"2d055":{"width":1242,"height":2208},"2d058":{"width":1242,"height":2208},"2d061":{"width":1242,"height":2208},"2d064":{"width":1242,"height":2208}},"gsx":{"gsx026":{"width":1242,"height":2208},"gsx030":{"width":1242,"height":2208},"gsx034":{"width":1242,"height":2208},"gsx038":{"width":1242,"height":2208},"gsx042":{"width":1242,"height":2208},"gsx046":{"width":1242,"height":2208},"gsx050":{"width":1242,"height":2208},"gsx054":{"width":1242,"height":2208},"gsx058":{"width":1242,"height":2208},"gsx062":{"width":1242,"height":2208},"gsx066":{"width":1242,"height":2208},"gsx070":{"width":1242,"height":2208},"gsx074":{"width":1242,"height":2208},"gsx075":{"width":1242,"height":2208},"gsx076":{"width":1242,"height":2208}},"hj":{"hj012":{"width":1242,"height":2208},"hj016":{"width":1242,"height":2208},"hj020":{"width":1242,"height":2208},"hj024":{"width":1242,"height":2208},"hj028":{"width":1242,"height":2208},"hj032":{"width":1242,"height":2208},"hj036":{"width":1242,"height":2208},"hj040":{"width":1242,"height":2208},"hj044":{"width":1242,"height":2208},"hj048":{"width":1242,"height":2208},"hj052":{"width":1242,"height":2208},"hj056":{"width":1242,"height":2208},"hj060":{"width":1242,"height":2208},"hj064":{"width":1242,"height":2208},"hj068":{"width":1242,"height":2208},"hj072":{"width":1242,"height":2208},"hj076":{"width":1242,"height":2208},"hj080":{"width":1242,"height":2208},"hj084":{"width":1242,"height":2208},"hj088":{"width":1242,"height":2208},"hj092":{"width":1242,"height":2208},"hj096":{"width":1242,"height":2208},"hj100":{"width":1242,"height":2208},"hj112":{"width":1242,"height":2208},"hj116":{"width":1242,"height":2208},"hj120":{"width":1242,"height":2208},"hj124":{"width":1242,"height":2208},"hj128":{"width":1242,"height":2208},"hj132":{"width":1242,"height":2208},"hj136":{"width":1242,"height":2208},"hj140":{"width":1242,"height":2208},"hj144":{"width":1242,"height":2208}}}},"animations":{"animation":{"slots":{"2d":{"attachment":[{"time":0,"name":null},{"time":0.1667,"name":null},{"time":0.3,"name":"2d016"},{"time":0.4333,"name":"2d022"},{"time":0.5333,"name":"2d025"},{"time":0.6333,"name":"2d028"},{"time":0.7333,"name":"2d031"},{"time":0.8333,"name":"2d034"},{"time":0.9333,"name":"2d037"},{"time":1.0333,"name":"2d040"},{"time":1.1333,"name":"2d043"},{"time":1.2333,"name":"2d046"},{"time":1.3333,"name":"2d049"},{"time":1.4333,"name":"2d052"},{"time":1.5333,"name":"2d055"},{"time":1.6333,"name":"2d058"},{"time":1.7333,"name":"2d061"},{"time":1.8333,"name":"2d064"},{"time":1.9333,"name":null},{"time":5,"name":null}]},"gsx":{"attachment":[{"time":0,"name":null},{"time":0.1667,"name":null},{"time":0.7,"name":"gsx026"},{"time":0.8333,"name":"gsx030"},{"time":0.9667,"name":"gsx034"},{"time":1.1,"name":"gsx038"},{"time":1.2333,"name":"gsx042"},{"time":1.3667,"name":"gsx046"},{"time":1.5,"name":"gsx050"},{"time":1.6333,"name":"gsx054"},{"time":1.7667,"name":"gsx058"},{"time":1.9,"name":"gsx062"},{"time":2.0333,"name":"gsx066"},{"time":2.1667,"name":"gsx070"},{"time":2.3,"name":"gsx074"},{"time":2.4333,"name":"gsx075"},{"time":2.5667,"name":"gsx076"},{"time":2.7,"name":null},{"time":5,"name":null}]},"hj":{"attachment":[{"time":0,"name":null},{"time":0.1667,"name":"hj012"},{"time":0.3,"name":"hj016"},{"time":0.4333,"name":"hj020"},{"time":0.5667,"name":"hj024"},{"time":0.7,"name":"hj028"},{"time":0.8333,"name":"hj032"},{"time":0.9667,"name":"hj036"},{"time":1.1,"name":"hj040"},{"time":1.2333,"name":"hj044"},{"time":1.3667,"name":"hj048"},{"time":1.5,"name":"hj052"},{"time":1.6333,"name":"hj056"},{"time":1.7667,"name":"hj060"},{"time":1.9,"name":"hj064"},{"time":2.0333,"name":"hj068"},{"time":2.1667,"name":"hj072"},{"time":2.3,"name":"hj076"},{"time":2.4333,"name":"hj080"},{"time":2.5667,"name":"hj084"},{"time":2.7,"name":"hj088"},{"time":2.8333,"name":"hj092"},{"time":2.9667,"name":"hj096"},{"time":3.1,"name":"hj100"},{"time":3.5,"name":"hj112"},{"time":3.6333,"name":"hj116"},{"time":3.7667,"name":"hj120"},{"time":3.9,"name":"hj124"},{"time":4.0333,"name":"hj128"},{"time":4.1667,"name":"hj132"},{"time":4.3,"name":"hj136"},{"time":4.4333,"name":"hj140"},{"time":4.5667,"name":"hj144"},{"time":4.7,"name":null},{"time":5,"name":null}]}}}}}